{
    "Version": "2012-10-17",
    "Statement": [
        {
            "Effect": "Allow",
            "Action": [
                "cloudwatch:PutMetricData"
            ],
            "Resource": "*"
        },
        {
            "Effect": "Allow",
            "Action": [
                "logs:CreateLogGroup",
                "logs:CreateLogStream",
                "logs:DescribeLogGroups",
                "logs:DescribeLogStreams",
                "logs:PutLogEvents"
            ],
            "Resource": "*"
        },
        {
            "Effect": "Allow",
            "Action": [
                "s3:*"
            ],
            "Resource": "*"
        },
        {
            "Sid": "",
            "Effect": "Allow",
            "Action": [
                "route53:ListHostedZones",
                "route53:ListHostedZonesByName",
                "route53:ListResourceRecordSets"
            ],
            "Resource": "*"
        },
        {
            "Sid": "verifyawscreds",
            "Effect": "Allow",
            "Action": [
                "iam:GetUser",
                "iam:GetRole",
                "iam:GetInstanceProfile",
                "ec2:DescribeInstances"
            ],
            "Resource": "*"
        },
        {
            "Effect": "Allow",
            "Action": [
                "ssmmessages:CreateControlChannel",
                "ssmmessages:CreateDataChannel",
                "ssmmessages:OpenControlChannel",
                "ssmmessages:OpenDataChannel"
            ],
            "Resource": "*"
        }      
    ]
}